Author count,Paper type,Times cited,180 days usage,Since 2013 usage,Cited in policy,N policy cites,N of pages,Simple OA,.gov,.edu,.org,.csiro,anygov
2,Review,22,0,4,N,0,52,N,,,,,
4,Review,2,0,0,N,0,54,N,,,,,
5,Review,51,0,12,N,0,134,N,,,,,
5,Review,5,0,9,N,0,67,N,,,,,
2,Review,116,3,123,Y,2,10,N,,,,,
5,Review,30,1,18,Y,1,12,N,,,,,
2,Review,5,0,5,N,0,12,N,,,,,
3,Review,25,1,83,N,0,9,N,0,0,0,0,0
2,Review,97,2,72,N,0,8,N,0,0,0,0,0
3,Review,9,0,13,N,0,3,N,0,0,0,0,0
5,Review,37,0,38,Y,2,16,N,0,0,0,0,0
9,Review,116,1,116,N,0,15,N,0,1,0,0,0
2,Review,178,25,322,Y,13,18,N,0,0,0,0,0
1,Review,7,0,19,N,0,4,N,0,0,0,0,0
5,Review,7,1,28,N,0,13,N,0,0,0,0,0
2,Review,19,0,5,N,0,14,N,0,0,0,0,0
12,Review,48,9,188,Y,1,16,N,0,0,0,0,0
11,Review,27,1,35,Y,2,11,N,0,0,0,0,0
5,Review,12,3,33,N,0,17,N,0,1,0,0,0
6,Review,3,2,41,Y,2,14,N,0,0,0,0,0
9,Review,78,9,112,N,0,26,N,0,0,0,0,0
3,Review,5,0,6,N,0,14,N,0,1,0,0,0
5,Review,49,0,65,N,0,13,N,0,0,0,0,0
5,Review,291,7,294,Y,18,16,N,0,0,0,0,0
6,Review,185,9,288,Y,8,22,N,0,0,0,0,0
6,Review,201,12,316,Y,5,11,N,0,0,0,0,0
3,Review,19,0,27,Y,4,6,N,0,0,0,0,0
1,Review,37,4,101,Y,1,10,N,0,0,0,0,0
1,Review,20,1,152,N,0,16,N,0,1,0,0,0
4,Review,17,1,4,N,0,38,N,0,0,0,0,0
4,Review,23,1,6,N,0,30,N,0,0,0,0,0
32,Review,4,0,15,N,0,20,N,0,0,0,0,0
17,Review,52,1,69,N,0,28,N,0,0,0,0,0
3,Review,130,13,266,N,0,29,N,0,1,0,0,0
7,Review,26,0,5,N,0,9,N,0,0,0,0,0
3,Review,6,0,19,N,0,21,N,0,0,0,0,0
7,Review,26,1,32,N,0,21,N,0,0,0,0,0
2,Review,52,2,179,Y,4,20,N,0,0,0,0,0
4,Review,301,49,614,Y,7,15,N,0,0,0,0,0
4,Review,41,4,278,Y,1,17,N,0,0,0,0,0
21,Review,76,5,181,N,0,27,N,0,1,0,0,0
3,Review,66,16,292,Y,18,9,N,0,0,0,0,0
3,Review,8,5,44,N,0,43,N,0,0,0,0,0
2,Review,18,2,42,N,0,13,N,0,0,0,0,0
7,Review,81,3,163,N,0,14,N,0,1,0,0,0
4,Review,1003,63,1587,Y,41,13,N,0,0,0,0,0
5,Review,121,2,136,Y,12,13,N,0,0,0,1,1
2,Review,435,60,608,Y,6,33,N,0,0,1,0,1
3,Review,296,14,102,Y,7,11,N,0,0,0,0,0
3,Review,3,0,3,N,0,7,N,0,0,0,0,0
2,Review,118,3,118,Y,2,10,N,0,1,0,0,0
2,Review,25,1,70,N,0,17,N,0,0,0,0,0
3,Review,0,0,4,N,0,4,N,0,0,0,0,0
8,Review,53,3,205,Y,1,12,N,0,0,0,0,0
4,Review,137,7,96,Y,7,8,N,0,0,0,0,0
1,Review,67,0,15,N,0,10,N,1,0,0,0,1
1,Review,43,4,130,N,0,28,N,0,0,0,0,0
4,Review,14,0,28,Y,1,7,N,0,0,0,0,0
1,Review,11,0,77,N,0,23,N,0,0,0,0,0
5,Review,44,0,31,Y,3,11,N,0,1,0,0,0
4,Review,9,1,36,Y,2,13,N,0,1,0,0,0
3,Review,51,2,124,N,0,9,N,0,0,0,0,0
5,Review,10,2,82,Y,1,18,N,0,0,0,0,0
3,Review,30,2,31,Y,1,16,N,0,0,0,0,0
4,Review,120,13,422,Y,4,16,N,0,0,0,0,0
1,Review,3,0,0,N,0,10,N,0,0,0,0,0
1,Review,28,1,17,N,0,42,N,0,0,0,0,0
1,Review,2,0,3,N,0,3,N,0,0,0,0,0
2,Review,18,2,41,Y,1,26,N,0,0,0,0,0
1,Review,3,1,20,N,0,10,N,0,0,0,0,0
2,Review,221,8,318,Y,2,19,N,0,0,0,0,0
1,Review,87,6,262,Y,2,19,N,0,0,0,0,0
8,Review,13,2,32,N,0,21,N,0,0,0,0,0
2,Review,51,1,55,Y,3,13,N,0,0,0,0,0
7,Review,59,1,143,Y,2,10,N,0,1,0,0,0
3,Review,21,0,23,Y,4,11,N,0,0,0,0,0
4,Review,7,1,27,N,0,17,N,0,1,0,0,0
1,Review,15,1,54,Y,3,14,N,0,0,0,0,0
5,Review,106,7,116,Y,6,14,N,0,0,0,0,0
4,Review,70,2,74,Y,9,11,N,0,1,0,1,1
5,Review,14,2,40,Y,8,16,N,0,0,0,0,0
5,Review,111,2,106,Y,1,21,N,0,0,0,0,0
15,Review,57,0,70,N,0,11,N,0,0,0,0,0
16,Review,215,11,341,Y,3,12,N,0,1,0,0,0
4,Review,14,3,52,N,0,15,N,0,0,0,0,0
20,Review,42,1,53,N,0,18,N,0,0,0,0,0
11,Review,14,3,107,N,0,25,N,0,0,0,0,0
5,Review,26,2,18,N,0,18,N,0,0,0,0,0
3,Review,101,2,136,N,0,25,N,0,0,0,0,0
5,Review,47,2,144,N,0,11,N,0,1,0,0,0
2,Review,17,1,4,N,0,21,N,0,0,0,0,0
5,Review,68,6,169,Y,2,17,N,0,0,0,0,0
10,Review,44,13,206,N,0,14,N,0,0,0,0,0
28,Review,125,8,254,Y,7,26,N,0,0,0,0,0
1,Review,25,5,172,Y,10,14,N,0,0,0,0,0
4,Review,35,5,142,Y,1,20,N,0,0,0,0,0
3,Review,95,1,57,Y,3,10,N,0,0,0,0,0
2,Review,73,1,82,Y,6,11,N,0,0,0,0,0
3,Review,37,2,70,Y,5,12,N,0,0,0,0,0
3,Review,11,0,6,N,0,42,N,0,0,0,0,0
2,Review,40,5,91,N,0,9,N,0,0,0,0,0
13,Review,16,0,19,Y,7,11,N,0,0,0,0,0
3,Review,34,2,55,Y,2,12,N,0,0,0,0,0
2,Review,3,0,17,N,0,17,N,0,0,0,0,0
3,Review,271,16,334,Y,2,14,N,0,0,0,0,0
4,Review,0,0,1,N,0,20,N,0,0,0,0,0
4,Review,100,4,167,N,0,12,N,0,0,0,0,0
4,Review,21,1,62,Y,3,17,N,0,0,0,0,0
2,Review,3,1,15,N,0,6,N,0,0,0,0,0
7,Review,51,4,73,Y,2,21,N,0,0,0,0,0
3,Review,6,1,10,N,0,13,N,0,0,0,0,0
2,Review,2376,109,2192,Y,221,20,N,0,1,0,0,0
6,Review,13,1,6,N,0,6,N,0,0,0,0,0
2,Review,8,0,1,N,0,31,N,0,0,0,0,0
4,Review,34,2,68,N,0,10,N,0,0,0,0,0
2,Review,47,3,79,Y,3,12,N,0,0,0,0,0
2,Review,80,1,14,N,0,94,N,0,0,0,0,0
2,Review,10,1,34,N,0,31,N,0,0,0,0,0
2,Review,41,3,79,N,0,20,N,0,0,0,0,0
4,Review,78,1,65,Y,1,9,N,0,0,0,0,0
2,Review,65,4,89,N,0,10,N,0,1,0,0,0
6,Review,39,0,30,Y,2,20,N,0,0,0,0,0
2,Review,48,7,65,Y,1,13,N,0,0,0,0,0
10,Review,145,36,681,N,0,13,N,0,1,0,0,0
2,Review,74,6,82,Y,3,9,N,1,0,0,0,1
4,Review,25,2,67,N,0,12,N,0,0,0,0,0
7,Review,13,2,40,N,0,14,N,0,0,0,0,0
6,Review,52,4,63,Y,1,14,N,0,0,0,0,0
7,Review,30,5,99,Y,2,17,N,0,0,0,0,0
5,Review,44,2,48,Y,2,13,N,0,0,0,0,0
2,Review,94,3,145,Y,4,12,N,0,0,0,0,0
2,Review,23,3,56,Y,1,13,N,0,0,0,0,0
3,Review,48,1,113,N,0,11,N,0,0,0,0,0
7,Review,48,3,61,Y,2,14,N,0,0,0,0,0
1,Review,5,0,29,N,0,19,N,0,0,0,0,0
1,Review,8,0,7,N,0,17,N,0,0,0,0,0
3,Review,4,0,6,N,0,23,N,0,0,0,0,0
3,Review,68,0,94,Y,1,31,N,0,0,0,0,0
21,Review,303,32,528,Y,8,23,N,0,0,0,0,0
4,Review,40,6,66,N,0,17,N,0,0,0,0,0
3,Review,242,9,153,Y,26,15,N,0,0,0,0,0
3,Review,4,0,2,N,0,28,N,0,0,0,0,0
12,Review,31,1,124,N,0,17,N,0,0,0,0,0
4,Review,132,10,382,Y,12,18,N,0,0,0,0,0
5,Review,8,0,37,N,0,10,N,0,0,0,0,0
7,Review,69,7,99,Y,1,18,N,0,0,0,0,0
4,Review,47,2,58,Y,2,36,N,0,0,0,0,0
9,Review,31,8,195,N,0,8,N,0,0,0,0,0
4,Review,27,6,127,N,0,11,N,0,0,0,0,0
5,Review,22,1,40,Y,2,15,N,0,0,0,0,0
3,Review,188,10,310,Y,4,18,N,0,0,0,0,0
5,Review,53,3,139,Y,8,13,N,0,1,0,0,0
5,Review,23,1,65,N,0,13,N,0,0,0,0,0
4,Review,30,1,18,Y,1,12,N,0,0,0,0,0
6,Review,33,3,98,N,0,10,N,0,1,0,0,0
3,Review,13,3,36,Y,1,21,N,0,0,0,0,0
2,Review,13,6,15,N,0,9,N,0,0,0,0,0
4,Review,15,0,26,Y,2,9,N,0,0,0,0,0
5,Review,11,1,58,N,0,10,N,0,0,0,0,0
2,Review,109,4,56,Y,3,15,N,0,0,0,0,0
4,Review,206,16,525,Y,8,11,N,0,0,0,0,0
1,Review,14,5,43,N,0,10,N,0,0,0,0,0
11,Review,14,0,50,N,0,15,N,0,0,0,0,0
7,Review,247,14,403,Y,10,17,N,0,1,0,0,0
3,Review,53,0,3,N,0,53,N,0,0,0,0,0
2,Review,11,1,42,N,0,7,N,0,0,0,0,0
2,Review,41,1,32,N,0,11,N,0,0,0,0,0
5,Review,12,8,71,Y,2,14,N,0,0,0,1,1
7,Review,28,2,60,N,0,20,N,0,1,0,0,0
3,Review,83,12,156,N,0,20,N,0,1,0,0,0
5,Review,424,32,408,Y,40,17,N,0,0,0,0,0
1,Review,71,1,31,N,0,13,N,0,0,0,0,0
2,Review,13,9,97,N,0,19,N,0,0,0,0,0
5,Review,21,2,29,N,0,13,N,0,0,0,0,0
4,Review,32,5,232,Y,8,10,N,0,0,0,0,0
4,Review,116,16,117,Y,12,11,N,0,1,0,0,0
6,Review,35,3,90,Y,3,13,N,0,0,0,0,0
3,Review,10,2,54,N,0,15,N,0,0,0,0,0
9,Review,42,1,49,N,0,13,N,0,0,0,0,0
2,Review,36,3,46,Y,2,10,N,0,0,0,0,0
5,Review,20,1,41,Y,1,9,N,0,1,0,0,0
4,Review,15,4,46,N,0,20,N,0,0,0,0,0
2,Review,4,0,0,N,0,23,N,0,0,0,0,0
3,Review,9,0,18,N,0,27,N,0,0,0,0,0
6,Review,30,1,72,Y,1,15,N,0,0,0,0,0
6,Review,33,2,86,Y,6,13,N,0,1,0,0,0
3,Review,4,0,4,N,0,21,N,0,0,0,0,0
2,Review,62,4,110,Y,4,14,N,0,0,0,0,0
1,Review,55,4,67,Y,3,5,N,0,0,0,0,0
3,Review,53,1,82,Y,2,12,N,0,1,0,0,0
4,Review,24,4,135,N,0,10,N,0,0,0,0,0
2,Review,0,1,4,N,0,15,N,0,0,0,0,0
2,Review,7,1,29,N,0,31,N,0,0,0,0,0
11,Review,34,0,39,Y,2,17,N,0,1,0,0,0
3,Review,2,0,0,N,0,41,N,0,0,0,0,0
3,Review,50,18,331,Y,2,22,N,0,1,0,0,0
4,Review,177,9,286,Y,7,10,N,0,1,0,0,0
2,Review,9,0,18,Y,1,10,N,0,0,0,0,0
4,Review,26,3,75,N,0,16,N,0,0,0,1,1
7,Review,46,3,70,Y,2,16,N,0,0,0,0,0
4,Review,48,7,176,Y,4,9,N,0,0,0,0,0
8,Review,69,5,50,Y,1,23,N,0,0,0,0,0
2,Review,91,3,92,Y,1,9,N,0,0,0,0,0
6,Review,30,1,53,N,0,15,N,0,0,0,0,0
4,Review,79,3,99,Y,2,12,N,0,0,0,0,0
1,Review,32,1,67,Y,3,23,N,0,0,0,0,0
2,Review,95,4,119,N,0,12,N,0,0,0,0,0
2,Review,297,12,219,N,0,15,N,0,0,0,0,0
2,Review,2,0,2,N,0,42,N,0,0,0,0,0
2,Review,123,15,375,N,0,10,N,0,0,0,0,0
4,Review,158,5,219,Y,3,17,N,0,0,0,0,0
4,Review,132,11,175,Y,8,17,N,0,0,0,0,0
5,Review,10,1,16,N,0,13,N,0,0,0,0,0
3,Review,11,0,39,Y,2,7,N,0,0,0,0,0
4,Review,95,11,174,Y,5,10,N,0,0,0,0,0
1,Review,554,76,1108,Y,17,17,N,0,0,0,0,0
4,Review,3,0,28,N,0,6,N,0,0,0,0,0
2,Review,179,4,155,Y,2,14,N,0,0,0,0,0
2,Review,381,58,859,Y,24,18,N,0,0,0,0,0
4,Review,65,10,114,Y,2,11,N,0,0,0,0,0
4,Review,14,3,90,Y,2,18,N,0,0,0,0,0
7,Review,294,7,279,Y,17,9,N,0,1,0,0,0
16,Review,153,2,74,N,0,8,N,0,0,0,0,0
5,Review,40,4,143,Y,1,7,N,1,0,0,0,1
2,Review,35,0,29,N,0,8,N,0,0,0,0,0
5,Review,176,7,170,Y,2,26,N,0,0,0,0,0
3,Review,49,1,68,Y,6,13,N,0,0,0,0,0
4,Review,108,5,264,N,0,9,N,0,1,0,0,0
3,Review,27,2,40,N,0,33,N,0,0,0,0,0
5,Review,31,0,86,Y,2,19,N,0,0,0,0,0
3,Review,14,3,62,N,0,10,N,0,0,0,0,0
7,Review,32,5,72,Y,1,13,N,1,0,0,0,1
2,Review,24,10,98,N,0,22,N,0,0,0,0,0
5,Review,16,0,60,N,0,22,N,0,1,0,0,0
4,Review,4,0,17,N,0,19,N,0,0,0,0,0
4,Review,3,1,45,N,0,6,N,0,0,0,0,0
5,Review,5,0,39,N,0,9,N,0,1,0,0,0
3,Review,28,0,62,Y,3,12,N,0,1,0,0,0
2,Review,96,12,315,Y,3,11,N,0,0,0,0,0
3,Review,8,4,60,N,0,10,N,0,0,1,0,1
4,Review,71,2,48,Y,2,13,N,0,0,0,0,0
3,Review,161,1,113,Y,16,5,N,0,0,0,0,0
10,Review,112,2,24,Y,1,7,N,0,0,0,0,0
8,Review,8,0,46,Y,2,15,N,0,0,0,0,0
2,Review,1,0,5,Y,1,13,N,0,0,0,0,0
2,Review,18,2,42,Y,1,16,N,0,0,0,0,0
5,Review,67,2,83,Y,8,9,N,0,0,0,0,0
10,Review,53,2,87,Y,10,15,N,0,0,0,0,0
3,Review,29,1,32,N,0,11,N,0,0,0,0,0
4,Review,68,8,56,Y,5,8,N,0,1,0,0,0
7,Review,58,4,118,Y,10,15,N,0,0,0,0,0
2,Review,4,0,6,N,0,21,N,0,0,0,0,0
3,Review,29,2,54,Y,1,38,N,0,0,0,0,0
2,Review,19,3,44,Y,2,11,N,0,0,0,0,0
3,Review,18,0,8,N,0,18,N,0,0,0,0,0
2,Review,12,1,45,N,0,15,N,0,0,0,0,0
7,Review,29,3,92,Y,1,9,N,0,1,0,0,0
3,Review,10,1,55,Y,1,19,N,0,0,0,0,0
3,Review,57,2,35,Y,1,13,N,0,0,0,0,0
4,Review,223,6,239,Y,4,12,N,0,0,0,0,0
1,Review,54,3,84,N,0,23,N,0,0,0,0,0
3,Review,9,0,1,N,0,28,N,0,0,0,0,0
3,Review,154,5,128,N,0,11,N,0,0,0,0,0
2,Review,26,1,44,Y,7,10,N,0,0,0,0,0
3,Review,75,0,137,Y,3,10,N,0,0,0,0,0
2,Review,16,0,0,N,0,27,N,0,0,0,0,0
1,Review,28,0,40,N,0,12,N,0,0,0,0,0
4,Review,12,1,33,N,0,17,N,0,0,0,0,0
3,Review,23,0,74,Y,7,22,N,0,0,0,0,0
2,Review,203,6,169,N,0,11,N,0,0,0,0,0
4,Review,25,0,32,N,0,8,N,0,0,0,0,0
5,Review,42,4,64,N,0,11,N,0,0,0,0,0
8,Review,36,0,42,Y,4,15,N,0,0,0,0,0
5,Review,63,2,46,Y,2,12,N,0,0,0,0,0
4,Review,80,7,164,Y,3,10,N,0,0,0,0,0
6,Review,17,4,76,N,0,12,N,0,0,0,0,0
2,Review,38,0,8,N,0,37,N,0,0,0,0,0
4,Review,183,7,132,Y,2,13,N,0,0,0,0,0
1,Review,881,16,391,Y,16,11,N,0,0,0,0,0
3,Review,32,1,84,N,0,13,N,0,0,0,0,0
3,Review,42,6,80,N,0,16,N,0,0,0,0,0
6,Review,51,2,97,N,0,16,N,0,0,1,0,1
4,Review,51,18,333,Y,3,13,N,0,0,0,0,0
1,Review,8,2,30,N,0,16,N,0,0,0,0,0
18,Review,44,0,75,Y,2,11,N,0,1,0,0,0
1,Review,28,1,62,N,0,8,N,0,0,0,0,0
3,Review,10,1,87,N,0,16,N,0,0,0,0,0
1,Review,8,1,34,N,0,7,N,0,0,0,0,0
6,Review,8,0,39,N,0,15,N,0,0,0,0,0
2,Review,120,6,150,Y,3,10,N,0,0,0,0,0
4,Review,78,11,229,Y,1,9,N,0,0,0,0,0
2,Review,5,0,4,N,0,15,N,0,0,0,0,0
1,Review,16,0,4,N,0,77,N,0,1,0,0,0
7,Review,46,3,35,Y,1,12,N,0,0,0,0,0
4,Review,25,2,24,Y,10,32,N,0,1,0,0,0
2,Review,58,10,165,Y,1,12,N,0,0,0,0,0
1,Review,8,3,74,N,0,13,N,0,0,0,0,0
2,Review,20,1,31,N,0,11,N,0,0,0,0,0
5,Review,7,0,13,N,0,21,N,0,0,0,0,0
3,Review,5,0,9,N,0,18,N,0,0,0,0,0
3,Review,39,5,178,Y,6,12,N,0,0,0,0,0
7,Review,23,3,56,Y,14,9,N,1,1,0,0,1
6,Review,11,0,25,N,0,13,N,0,0,0,0,0
2,Review,11,8,88,Y,2,5,N,0,0,0,0,0
2,Review,39,0,23,Y,1,13,N,0,0,0,0,0
1,Review,9,0,55,N,0,24,N,0,0,0,0,0
1,Review,12,1,34,N,0,31,N,0,0,0,0,0
5,Review,10,0,8,N,0,23,N,0,0,0,0,0
3,Review,71,9,205,N,0,14,N,0,0,0,0,0
5,Review,9,0,22,N,0,18,N,0,0,0,0,0
1,Review,8,2,43,N,0,18,N,0,0,0,0,0
5,Review,18,0,54,Y,2,18,N,0,0,0,0,0
9,Review,205,3,296,Y,9,10,N,0,0,0,0,0
3,Review,3,0,1,N,0,13,N,0,0,0,0,0
6,Review,89,0,36,Y,8,8,N,0,0,0,0,0
3,Review,29,3,55,Y,1,8,N,0,0,0,0,0
4,Review,3,1,12,N,0,12,N,0,0,0,0,0
4,Review,347,60,691,Y,22,16,N,0,1,0,0,0
9,Review,29,1,30,N,0,10,N,0,1,0,0,0
22,Review,47,6,73,Y,2,10,N,0,1,0,0,0
2,Review,45,2,98,Y,5,15,N,0,0,0,0,0
2,Review,103,11,628,Y,8,11,N,0,0,0,0,0
4,Review,105,4,205,Y,6,13,N,0,0,0,0,0
5,Review,8,0,0,N,0,19,N,0,0,0,0,0
4,Review,42,2,66,Y,1,22,N,0,0,0,0,0
5,Review,18,2,145,N,0,13,N,0,0,0,0,0
5,Review,36,9,92,Y,3,11,N,0,0,0,0,0
10,Review,46,8,99,Y,4,12,N,0,0,0,0,0
2,Review,6,6,91,N,0,19,N,0,0,0,0,0
6,Review,21,2,32,N,0,20,N,0,0,0,0,0
4,Review,46,1,94,Y,1,13,N,0,1,0,0,0
5,Review,11,0,12,N,0,23,N,0,0,0,0,0
7,Review,162,14,262,Y,9,11,N,0,0,0,0,0
1,Review,40,1,194,Y,3,30,N,0,0,0,0,0
5,Review,9,0,44,N,0,12,N,0,0,0,0,0
2,Review,36,2,87,Y,1,17,N,0,0,0,0,0
7,Review,229,13,440,Y,10,12,N,0,1,0,0,0
3,Review,8,0,2,N,0,32,N,0,0,0,0,0
6,Review,34,9,100,Y,1,17,N,0,0,0,0,0
2,Review,145,6,177,Y,1,24,N,0,0,0,0,0
2,Review,355,51,560,Y,15,23,N,0,0,0,0,0
2,Review,7,1,24,N,0,10,N,0,0,0,0,0
10,Review,69,2,120,N,0,17,N,0,0,0,0,0
2,Review,55,2,32,Y,3,9,N,0,0,0,0,0
1,Review,12,1,13,N,0,6,N,0,0,0,0,0
3,Review,130,9,276,Y,2,16,N,0,0,0,0,0
4,Review,32,0,3,N,0,76,N,0,0,0,0,0
26,Review,51,1,59,Y,1,22,N,0,0,0,0,0
3,Review,9,2,46,Y,3,13,N,0,1,0,0,0
5,Review,39,2,77,N,0,15,N,0,0,0,0,0
3,Review,101,8,122,Y,6,19,N,0,0,0,0,0
5,Review,42,7,85,Y,5,13,N,0,0,0,0,0
4,Review,94,6,185,N,0,20,N,0,0,0,0,0
3,Review,27,1,38,Y,1,13,N,0,1,0,0,0
5,Review,16,3,44,N,0,10,N,0,0,0,0,0
4,Review,5,1,7,N,0,9,N,0,0,0,0,0
4,Review,133,11,243,N,0,18,N,0,0,0,0,0
10,Review,95,3,55,N,0,18,N,0,0,0,0,0
4,Review,76,4,68,N,0,30,N,0,0,0,0,0
12,Review,210,3,154,Y,4,11,N,0,0,0,0,0
3,Review,101,2,126,Y,53,10,N,0,0,0,0,0
8,Review,12,0,14,Y,1,19,N,0,0,0,0,0
2,Review,39,0,12,N,0,39,N,0,0,0,0,0
2,Review,2,0,31,N,0,15,N,0,1,0,0,0
7,Review,37,0,0,N,0,24,N,0,0,0,0,0
1,Review,48,0,35,N,0,16,N,0,0,0,0,0
3,Review,36,6,209,N,0,10,N,0,0,0,0,0
2,Review,6,0,14,N,0,23,N,0,0,0,0,0
1,Review,6,0,42,N,0,9,N,0,0,0,0,0
5,Review,22,3,95,N,0,12,N,0,1,0,0,0
5,Review,119,6,125,N,0,12,N,0,0,0,0,0
2,Review,1,0,4,N,0,19,N,0,0,0,0,0
3,Review,9,0,11,N,0,8,N,0,0,0,0,0
3,Review,37,1,39,N,0,13,N,0,0,0,0,0
2,Review,170,16,391,Y,4,20,N,0,0,0,0,0
2,Review,3,0,0,N,0,24,N,0,0,0,0,0
1,Review,93,8,89,N,0,17,N,0,0,0,0,0
4,Review,21,6,59,Y,1,6,N,0,0,0,0,0
2,Review,102,0,177,Y,9,14,N,0,0,0,0,0
3,Review,32,1,17,Y,1,11,Y,0,0,0,0,0
3,Review,27,2,23,Y,2,10,Y,0,0,0,0,0
3,Review,44,0,59,N,0,12,Y,0,1,0,0,0
8,Review,121,7,150,Y,6,10,Y,0,0,0,0,0
1,Review,371,39,388,N,0,19,Y,0,0,0,0,0
1,Review,227,7,194,N,0,15,Y,0,0,0,0,0
6,Review,110,6,144,Y,3,11,Y,0,0,0,0,0
3,Review,26,0,64,Y,1,9,Y,0,0,0,0,0
8,Review,97,7,300,N,0,12,Y,0,0,0,0,0
2,Review,62,4,75,Y,4,15,Y,0,0,0,0,0
2,Review,150,0,176,Y,16,11,Y,0,0,0,0,0
2,Review,139,1,142,Y,1,18,Y,0,0,0,0,0
2,Review,33,1,48,Y,6,7,Y,0,0,0,0,0
5,Review,55,9,188,N,0,13,Y,0,0,0,0,0
4,Review,115,26,256,Y,2,13,Y,0,0,0,0,0
2,Review,91,1,96,Y,5,12,Y,0,0,0,0,0
4,Review,64,4,60,Y,2,13,Y,0,0,0,0,0
4,Review,53,8,75,Y,1,12,Y,0,0,0,0,0
4,Review,203,6,151,Y,3,10,Y,0,0,0,0,0
2,Review,258,7,186,Y,2,9,Y,0,0,0,0,0
4,Review,266,52,387,Y,5,12,Y,0,0,0,0,0
2,Review,19,0,18,N,0,9,Y,0,0,0,0,0
7,Review,83,0,108,Y,7,14,Y,0,0,0,0,0
2,Review,221,5,128,Y,8,11,Y,0,0,0,0,0
3,Review,4,0,9,N,0,16,Y,0,0,1,0,1
3,Review,152,16,463,Y,18,13,Y,0,0,0,0,0
5,Review,50,1,77,Y,1,11,Y,0,0,0,0,0
10,Review,84,9,101,Y,3,14,Y,0,0,0,0,0
1,Review,295,8,204,Y,7,15,Y,0,1,0,0,0
3,Review,82,9,213,Y,3,10,Y,0,0,0,0,0
4,Review,6,0,8,N,0,21,Y,0,1,0,0,0
16,Review,94,4,120,Y,1,11,Y,0,0,0,0,0
10,Review,72,9,78,Y,14,10,Y,0,0,0,1,1
3,Review,121,1,112,Y,3,14,Y,0,0,0,0,0
7,Review,124,2,52,N,0,14,Y,0,0,0,0,0
2,Review,195,5,202,Y,2,18,Y,0,0,0,0,0
8,Review,60,0,28,Y,1,15,Y,0,0,0,0,0
2,Review,275,4,266,Y,3,12,Y,0,0,0,0,0
16,Review,86,5,65,Y,1,6,Y,0,0,0,0,0
4,Review,130,8,110,Y,3,23,Y,0,1,0,0,0
4,Review,134,2,37,Y,3,11,Y,0,0,0,0,0
2,Review,31,1,28,N,0,14,Y,0,0,0,0,0
3,Review,215,10,189,Y,2,19,Y,0,0,0,0,0
12,Review,181,10,158,N,0,18,Y,0,0,0,0,0
22,Review,90,4,104,Y,6,11,Y,0,0,0,0,0
4,Review,48,3,19,N,0,13,Y,0,0,0,0,0
6,Review,65,5,127,N,0,8,Y,0,0,0,0,0
8,Review,85,3,67,Y,2,26,Y,0,0,1,0,1
2,Review,0,0,11,N,0,3,Y,0,0,0,0,0
7,Review,65,3,141,N,0,16,Y,0,0,0,0,0
16,Review,111,1,94,Y,8,11,Y,0,0,0,0,0
21,Review,110,3,38,Y,13,22,Y,0,0,0,0,0
3,Review,31,6,138,Y,2,12,Y,0,0,0,0,0
8,Review,180,3,181,Y,7,18,Y,0,1,0,0,0
1,Review,229,29,399,Y,2,28,Y,0,0,0,0,0
3,Review,38,2,63,Y,8,15,Y,0,0,0,0,0
1,Review,37,8,129,Y,1,9,Y,0,0,0,0,0
4,Review,159,20,204,Y,3,9,Y,0,0,0,0,0
8,Review,109,8,100,Y,1,12,Y,0,0,0,0,0
9,Review,46,5,68,Y,3,14,Y,0,1,0,0,0
5,Review,67,7,211,Y,2,11,Y,0,0,0,0,0
7,Review,73,3,178,N,0,11,Y,0,0,0,0,0
2,Review,12,1,81,Y,1,28,Y,0,0,0,0,0
3,Review,135,2,94,Y,3,8,Y,0,0,0,0,0
3,Review,71,9,168,Y,2,12,Y,0,0,0,0,0
3,Review,9,0,44,Y,1,19,Y,0,0,0,0,0
5,Review,20,2,22,N,0,21,Y,0,0,0,0,0
2,Review,57,6,178,N,0,14,Y,0,0,0,0,0
3,Review,54,3,140,Y,2,10,Y,0,0,0,0,0
1,Review,135,1,61,N,0,21,Y,0,0,0,0,0
8,Review,19,0,18,N,0,11,Y,0,0,0,0,0
3,Review,84,3,106,Y,8,12,Y,0,0,0,0,0
2,Review,33,5,66,Y,1,9,Y,0,0,0,0,0
5,Review,193,6,141,Y,2,14,Y,0,0,0,0,0
2,Review,60,5,64,N,0,16,Y,0,0,0,0,0
2,Review,106,11,327,N,0,24,Y,0,0,0,0,0
8,Review,105,1,129,Y,3,11,Y,0,0,0,0,0
7,Review,147,31,415,N,0,11,Y,0,1,0,0,0
4,Review,12,3,34,N,0,7,Y,0,0,0,0,0
2,Review,65,13,84,Y,2,9,Y,0,0,0,0,0
10,Review,39,1,32,Y,4,17,Y,0,0,0,0,0
3,Review,100,3,130,N,0,13,Y,0,0,0,0,0
8,Review,103,2,158,N,0,17,Y,0,0,0,0,0
3,Review,44,3,73,N,0,13,Y,0,0,0,0,0
5,Review,37,1,31,N,0,28,Y,0,0,0,0,0
3,Review,19,2,10,Y,2,28,Y,0,0,0,0,0
4,Review,105,4,173,Y,4,10,Y,0,0,0,0,0
16,Review,27,3,59,Y,5,11,Y,0,1,0,0,0
4,Review,330,84,549,Y,1,16,Y,0,0,0,0,0
4,Review,11,3,28,N,0,14,Y,0,0,0,0,0
5,Review,40,0,23,Y,1,12,Y,0,0,0,0,0
3,Review,42,3,58,N,0,12,Y,,,,,
25,Review,5,0,14,N,0,14,Y,,,,,
10,Review,13,0,34,N,0,15,Y,0,0,0,0,0
4,Review,13,2,45,N,0,13,Y,0,0,0,0,0
2,Review,165,11,136,Y,15,20,Y,0,0,0,0,0
2,Review,70,4,81,Y,1,13,Y,0,0,0,0,0
1,Review,42,2,46,Y,1,16,Y,0,1,0,0,0
2,Review,44,8,84,Y,2,11,Y,0,0,0,0,0
3,Review,133,7,115,Y,6,19,Y,0,0,0,0,0
4,Review,29,3,51,N,0,18,Y,0,0,0,0,0
2,Review,18,0,29,N,0,10,Y,0,0,0,0,0
1,Review,20,5,28,N,0,11,Y,0,0,0,0,0
2,Review,20,2,37,N,0,14,Y,0,0,0,0,0
3,Review,20,0,1,Y,1,16,Y,0,0,0,0,0
8,Review,9,2,24,N,0,23,Y,0,0,0,0,0
2,Review,114,2,73,N,0,20,Y,0,0,0,0,0
4,Review,10,2,16,N,0,26,Y,0,0,0,0,0
5,Review,71,2,24,Y,4,23,Y,0,0,0,0,0
3,Review,6,0,3,N,0,19,Y,0,0,0,0,0
4,Review,56,3,89,Y,1,13,Y,0,0,0,0,0
3,Review,44,7,80,N,0,19,Y,0,0,0,0,0
4,Review,20,2,50,N,0,18,Y,0,0,0,0,0
10,Review,65,3,60,Y,2,49,Y,0,0,0,0,0
5,Review,67,7,126,N,0,16,Y,0,0,0,0,0
5,Review,13,1,49,N,0,12,Y,0,0,0,0,0
7,Review,17,3,27,N,0,23,Y,0,0,0,0,0
2,Review,14,3,41,N,0,20,Y,0,0,0,0,0
2,Review,18,1,15,Y,5,11,Y,0,0,0,0,0
3,Review,32,4,44,Y,4,12,Y,0,1,0,0,0
1,Review,14,1,44,Y,1,10,Y,0,0,0,0,0
1,Review,42,0,45,Y,4,22,Y,0,0,0,0,0
6,Review,21,10,72,Y,2,12,Y,0,0,0,0,0
8,Review,81,22,323,Y,2,12,Y,0,0,0,0,0
2,Review,23,1,27,N,0,20,Y,0,0,0,0,0
6,Review,27,3,17,Y,1,9,Y,0,1,0,0,0
2,Review,17,4,41,N,0,7,Y,0,0,0,0,0
4,Review,42,0,6,Y,8,14,Y,0,0,0,0,0
9,Review,52,5,52,N,0,18,Y,0,1,0,0,0
1,Review,183,6,104,Y,2,22,Y,0,0,1,0,1
4,Review,57,3,51,Y,2,12,Y,0,1,0,0,0
4,Review,10,2,20,Y,2,12,Y,0,0,0,0,0
3,Review,4,0,2,N,0,11,Y,0,0,0,0,0
5,Review,130,6,59,Y,8,18,Y,0,0,0,0,0
5,Review,66,4,105,Y,10,15,Y,1,0,0,0,1
3,Review,55,1,19,Y,5,10,Y,0,0,0,0,0
2,Review,9,3,11,Y,1,15,Y,0,0,0,0,0
4,Review,26,4,30,N,0,18,Y,0,0,0,0,0
2,Review,126,14,182,Y,4,12,Y,0,0,0,0,0
8,Review,13,2,27,N,0,16,Y,0,0,0,0,0
13,Review,15,0,14,N,0,9,Y,0,0,0,0,0
2,Review,52,3,70,N,0,15,Y,0,0,0,0,0
2,Review,9,1,18,N,0,8,Y,0,0,0,0,0
8,Review,5,0,13,N,0,11,Y,0,0,0,0,0
3,Review,17,5,40,N,0,26,Y,0,0,0,0,0
7,Review,23,6,57,N,0,15,Y,0,0,0,0,0
3,Review,25,1,63,N,0,6,Y,0,0,0,0,0
4,Review,28,1,49,N,0,11,Y,0,1,0,0,0
4,Review,46,0,9,Y,5,8,Y,0,0,0,0,0
6,Review,31,2,48,N,0,7,Y,0,0,0,0,0
2,Review,19,4,58,Y,2,16,Y,0,1,0,0,0
7,Review,7,0,17,N,0,10,Y,0,0,0,0,0
4,Review,2,0,12,N,0,5,Y,0,0,0,0,0
4,Review,7,0,3,N,0,14,Y,0,0,0,0,0
2,Review,11,1,34,Y,2,19,Y,0,0,0,0,0
1,Review,12,3,18,N,0,16,Y,0,0,0,0,0
6,Review,92,7,113,Y,4,19,Y,0,0,0,0,0
3,Review,59,2,27,Y,11,8,Y,0,0,0,0,0
4,Review,47,3,61,Y,4,17,Y,0,0,0,0,0
3,Review,36,0,14,N,0,15,Y,0,1,0,0,0
3,Review,40,5,56,N,0,9,Y,0,0,0,0,0
3,Review,128,5,73,Y,2,13,Y,0,0,0,0,0
6,Review,13,1,18,Y,1,14,Y,0,0,0,0,0
3,Review,8,4,33,N,0,21,Y,0,0,0,0,0
3,Review,6,0,14,Y,1,15,Y,0,0,0,0,0
3,Review,787,77,882,Y,30,29,Y,0,0,0,0,0
3,Review,23,1,19,Y,4,9,Y,0,0,0,0,0
8,Review,30,2,116,Y,10,12,Y,0,0,0,0,0
9,Review,250,4,92,Y,9,12,Y,0,0,0,0,0
5,Review,4,1,15,N,0,10,Y,0,0,0,0,0
7,Review,30,3,35,Y,1,10,Y,0,0,0,0,0
4,Review,69,16,138,N,0,36,Y,0,1,0,0,0
10,Review,71,4,67,N,0,28,Y,0,0,0,0,0
3,Review,35,3,43,Y,5,12,Y,0,0,0,0,0
4,Review,64,1,72,Y,2,11,Y,0,1,0,0,0
4,Review,344,20,293,Y,1,23,Y,0,0,0,0,0
1,Review,4,2,15,N,0,16,Y,0,1,0,0,0
3,Review,27,8,76,Y,1,12,Y,0,0,0,0,0
7,Review,14,2,34,Y,1,13,Y,0,0,0,0,0
8,Review,9,1,5,N,0,23,Y,0,0,0,0,0
13,Review,31,0,37,Y,3,15,Y,0,0,0,0,0
2,Review,236,12,198,Y,23,13,Y,0,0,0,0,0
8,Review,6,2,10,N,0,12,Y,0,0,0,0,0
7,Review,8,0,19,Y,6,24,Y,0,0,0,0,0
7,Review,167,7,100,Y,36,7,Y,0,0,0,0,0
2,Review,42,2,48,N,0,11,Y,0,0,0,0,0
4,Review,325,1,68,Y,27,9,Y,0,0,0,0,0
2,Review,38,5,34,Y,1,15,Y,0,0,0,0,0
4,Review,54,1,12,Y,1,9,Y,0,0,0,0,0
2,Review,196,3,68,Y,3,12,Y,0,0,0,0,0
6,Review,124,25,180,N,0,10,Y,0,1,0,0,0
4,Review,68,4,90,Y,6,9,Y,0,0,0,0,0
3,Review,0,0,1,N,0,3,Y,0,0,0,1,1
4,Review,83,1,45,Y,4,11,Y,0,0,0,0,0
2,Review,15,0,30,N,0,9,Y,0,0,0,0,0
2,Review,7,0,41,N,0,9,Y,0,1,0,1,1
7,Review,6,1,10,N,0,20,Y,0,0,0,0,0
3,Review,97,1,83,N,0,9,Y,0,0,0,0,0
5,Review,10,1,21,N,0,15,Y,0,0,0,1,1
2,Review,78,2,63,Y,3,12,Y,0,0,0,0,0
4,Review,23,2,32,N,0,26,Y,0,0,1,0,1
2,Review,45,4,174,Y,10,8,Y,0,0,0,0,0
1,Review,45,1,28,N,0,10,Y,0,0,0,0,0
4,Review,443,40,304,Y,4,14,Y,0,1,0,0,0
2,Review,141,0,174,Y,7,8,Y,0,0,0,0,0
3,Review,33,1,46,Y,1,13,Y,0,0,0,0,0
3,Review,273,49,391,Y,4,13,Y,0,0,0,0,0
2,Review,26,7,40,N,0,18,Y,0,0,0,0,0
8,Review,57,3,43,N,0,11,Y,0,0,0,0,0
10,Review,16,2,28,N,0,8,Y,0,0,0,0,0
3,Review,11,3,37,N,0,9,Y,0,1,0,0,0
3,Review,45,2,10,Y,1,22,Y,0,0,0,0,0
4,Review,7,1,18,N,0,11,Y,0,0,0,0,0
3,Review,124,3,69,Y,4,11,Y,1,0,0,0,1
4,Review,6,0,27,N,0,12,Y,0,0,0,0,0
1,Review,5,0,17,N,0,15,Y,0,0,0,0,0
5,Review,169,26,334,Y,3,10,Y,0,0,0,0,0
4,Review,10,1,10,N,0,14,Y,0,0,0,0,0
8,Review,30,0,13,N,0,17,Y,0,0,0,0,0
4,Review,21,4,38,N,0,14,Y,0,1,0,0,0
2,Review,49,3,41,Y,24,10,Y,0,0,0,0,0
4,Review,18,1,22,N,0,12,Y,0,0,0,0,0
5,Review,124,13,129,Y,8,14,Y,0,0,0,0,0
5,Review,53,1,27,Y,9,13,Y,0,0,0,0,0
16,Review,27,0,23,N,0,15,Y,0,1,0,0,0
3,Review,54,1,59,N,0,14,Y,0,0,0,0,0
3,Review,56,0,25,Y,7,14,Y,0,0,0,0,0
9,Review,104,2,72,Y,6,15,Y,0,0,1,0,1
5,Review,15,0,29,Y,1,13,Y,0,0,0,0,0
3,Review,38,3,74,Y,1,15,Y,0,0,0,0,0
13,Review,42,1,19,Y,1,15,Y,0,0,0,0,0
2,Review,24,0,20,N,0,13,Y,0,0,0,0,0
4,Review,13,2,13,N,0,14,Y,0,0,0,0,0
3,Review,8,0,32,N,0,7,Y,0,0,0,0,0
3,Review,50,1,24,Y,2,11,Y,0,0,0,0,0
5,Review,44,5,68,Y,8,9,Y,0,1,0,0,0
4,Review,72,9,53,Y,8,12,Y,0,1,0,0,0
2,Review,36,1,25,N,0,19,Y,0,1,0,0,0
3,Review,31,5,34,N,0,13,Y,0,0,0,0,0
5,Review,109,3,38,Y,4,11,Y,0,0,0,0,0
2,Review,24,2,32,N,0,12,Y,0,1,0,0,0
4,Review,28,3,14,N,0,14,Y,0,0,0,0,0
2,Review,25,0,26,Y,1,21,Y,0,0,0,0,0
2,Review,28,4,40,Y,3,13,Y,0,0,0,0,0
6,Review,5,4,22,N,0,7,Y,0,0,0,0,0
4,Review,17,0,20,N,0,8,Y,0,0,0,0,0
2,Review,76,5,138,Y,7,17,Y,0,0,0,0,0
4,Review,17,7,77,Y,2,9,Y,0,1,0,0,0
6,Review,16,1,22,Y,1,19,Y,0,0,0,0,0
1,Review,4,0,18,N,0,12,Y,0,0,0,0,0
6,Review,17,1,20,Y,6,24,Y,0,0,0,0,0
4,Review,72,5,68,N,0,12,Y,0,0,0,0,0
6,Review,16,1,56,N,0,13,Y,0,0,0,0,0
1,Review,98,3,44,N,0,31,Y,0,0,0,0,0
7,Review,35,1,30,Y,1,10,Y,0,0,0,0,0
2,Review,95,4,110,Y,1,38,Y,0,0,0,0,0
5,Review,7,0,7,N,0,14,Y,0,0,0,0,0
8,Review,15,1,18,Y,3,27,Y,0,0,0,0,0
3,Review,1,0,4,N,0,18,Y,0,0,0,0,0
7,Review,15,2,32,N,0,14,Y,0,0,0,0,0
4,Review,44,1,47,Y,5,14,Y,0,0,0,0,0
13,Review,21,3,34,Y,3,12,Y,0,0,0,0,0
1,Review,13,6,26,N,0,14,Y,0,0,0,0,0
3,Review,1,2,13,N,0,26,Y,0,0,0,0,0
1,Review,29,1,21,Y,5,11,Y,0,0,0,0,0
2,Review,18,2,24,N,0,15,Y,0,0,0,0,0
3,Review,24,4,40,N,0,16,Y,0,0,0,0,0
3,Review,56,2,29,N,0,20,Y,0,0,0,0,0
4,Review,61,3,72,N,0,19,Y,0,0,1,0,1
5,Review,73,1,53,Y,6,59,Y,0,0,0,0,0
3,Review,96,14,158,Y,21,12,Y,0,0,0,0,0
3,Review,46,4,65,Y,2,26,Y,0,0,0,0,0
31,Review,52,5,84,Y,11,10,Y,0,0,0,0,0
4,Review,11,0,8,N,0,13,Y,0,0,0,0,0
3,Review,384,42,359,Y,20,13,Y,0,0,0,0,0
5,Review,42,14,133,Y,1,30,Y,0,1,0,0,0
5,Review,32,2,44,Y,4,18,Y,0,0,0,0,0
1,Review,41,8,84,N,0,32,Y,0,0,0,0,0
2,Review,6,0,2,N,0,12,Y,0,0,0,0,0
1,Review,91,4,27,Y,6,14,Y,0,0,0,0,0
2,Review,23,1,11,N,0,19,Y,0,0,0,0,0
3,Review,20,2,35,Y,5,8,Y,0,0,0,0,0
3,Review,11,1,18,N,0,13,Y,0,0,0,0,0
1,Review,13,0,7,N,0,10,Y,0,1,0,0,0
2,Review,5,0,1,N,0,34,Y,0,0,0,1,1
9,Review,14,1,19,N,0,6,Y,0,0,0,0,0
2,Review,36,2,25,Y,3,11,Y,0,0,0,0,0
1,Review,2,0,5,N,0,24,Y,0,0,0,0,0
3,Review,11,0,14,Y,1,13,Y,0,0,0,0,0
2,Review,27,5,52,N,0,19,Y,0,0,0,0,0
4,Review,5,1,2,Y,1,7,Y,0,0,0,0,0
1,Review,6,0,2,N,0,51,Y,0,0,0,0,0
5,Review,36,0,38,N,0,10,Y,0,1,0,0,0
3,Review,21,6,13,N,0,14,Y,0,1,0,0,0
6,Review,16,0,16,N,0,11,Y,0,0,0,0,0
29,Review,69,3,46,Y,2,24,Y,0,0,1,0,1
1,Review,7,2,18,N,0,30,Y,0,0,0,0,0
7,Review,10,0,18,N,0,8,Y,0,0,0,0,0
2,Review,44,2,28,Y,4,8,Y,0,0,0,0,0
6,Review,9,1,7,N,0,8,Y,1,0,0,0,1
2,Review,35,0,10,N,0,11,Y,0,0,0,0,0
19,Review,63,1,32,Y,1,38,Y,0,0,0,0,0
7,Review,27,1,8,Y,3,15,Y,0,0,0,0,0
5,Review,5,0,21,Y,1,14,Y,0,0,0,0,0
1,Review,9,2,11,N,0,19,Y,0,0,0,0,0
2,Review,80,4,105,Y,8,21,Y,0,0,0,0,0
5,Review,42,5,75,N,0,11,Y,0,0,0,0,0
2,Review,94,2,103,Y,1,11,Y,0,0,0,0,0
14,Review,60,17,207,N,0,30,Y,0,0,0,0,0
9,Review,54,2,103,Y,10,14,Y,0,0,0,0,0
17,Review,318,34,477,Y,5,11,Y,0,0,0,0,0
5,Review,91,1,202,Y,3,12,Y,0,1,0,0,0
4,Review,69,2,35,Y,2,17,Y,0,0,0,0,0
2,Review,43,1,115,N,0,15,Y,0,0,0,0,0
4,Review,74,30,366,Y,2,13,Y,0,0,0,0,0
3,Review,12,2,27,N,0,13,Y,0,0,0,0,0
5,Review,138,7,213,Y,1,15,Y,0,0,0,0,0
3,Review,47,2,215,N,0,20,Y,0,1,0,0,0
9,Review,115,12,233,Y,6,17,Y,0,0,0,0,0
13,Review,45,7,186,Y,2,18,Y,0,0,0,0,0
7,Review,86,9,103,Y,4,11,Y,0,0,0,0,0
2,Review,52,1,67,Y,1,17,Y,0,0,0,0,0
7,Review,130,8,171,Y,13,10,Y,0,0,0,0,0
2,Review,94,2,89,Y,4,15,Y,0,0,0,0,0
10,Review,629,28,317,Y,19,13,Y,0,0,0,0,0
10,Review,1459,213,2670,Y,3,19,Y,0,1,0,0,0
14,Review,110,2,231,Y,1,19,Y,0,0,1,0,1
7,Review,98,6,78,N,0,11,Y,0,0,0,0,0
6,Review,89,4,195,N,0,12,Y,0,1,0,0,0
2,Review,143,12,185,N,0,12,Y,0,1,0,0,0
29,Review,312,13,233,Y,14,11,Y,0,0,0,0,0
4,Review,28,1,27,Y,7,11,Y,0,0,0,0,0
1,Review,65,1,56,Y,1,15,Y,0,0,0,0,0
7,Review,20,1,23,N,0,15,Y,0,1,0,0,0
3,Review,58,1,32,Y,5,16,Y,0,0,0,0,0
23,Review,46,4,60,N,0,34,Y,0,0,0,0,0
12,Review,52,1,79,N,0,18,Y,0,0,0,0,0
11,Review,33,4,71,N,0,12,Y,0,0,0,0,0
35,Review,299,13,110,Y,24,14,Y,0,0,0,0,0
5,Review,49,2,57,Y,6,8,Y,0,0,0,0,0
8,Review,170,7,98,Y,21,12,Y,0,0,0,0,0
5,Review,107,2,89,N,0,19,Y,0,0,0,0,0
6,Review,157,6,109,Y,28,17,Y,0,0,0,0,0
15,Review,5,0,27,N,0,72,Y,0,0,0,0,0
49,Review,55,2,50,Y,4,14,Y,0,1,0,0,0
2,Review,42,4,67,Y,5,12,Y,0,0,0,0,0
6,Review,281,14,410,Y,8,15,Y,0,0,0,0,0
5,Review,93,1,115,Y,10,16,Y,0,1,0,0,0
6,Review,80,7,89,N,0,23,Y,0,0,0,0,0
3,Review,256,21,285,N,0,13,Y,0,0,0,0,0
3,Review,18,2,33,N,0,13,Y,0,0,0,0,0
28,Review,138,9,61,Y,35,12,Y,0,0,0,0,0
8,Review,82,3,88,Y,7,18,Y,0,0,0,0,0
4,Review,89,12,178,Y,4,14,Y,0,0,0,0,0
4,Review,75,1,51,N,0,9,Y,0,0,0,0,0
5,Review,37,1,18,Y,1,8,Y,0,0,0,0,0
8,Review,11,1,53,Y,2,12,Y,0,0,0,0,0
18,Review,946,28,505,Y,38,16,Y,0,0,0,0,0
3,Review,28,2,48,Y,1,12,Y,0,0,0,0,0
5,Review,296,4,184,Y,81,15,Y,0,0,0,0,0
15,Review,24,2,145,Y,1,14,Y,0,1,0,0,0
3,Review,50,6,107,Y,8,25,Y,0,0,0,0,0
4,Review,198,3,124,Y,2,6,Y,0,0,0,0,0
13,Review,127,4,168,Y,1,10,Y,0,1,0,0,0
9,Review,23,0,4,N,0,44,Y,0,0,0,0,0
1,Review,16,0,11,N,0,23,Y,1,0,0,0,1
3,Review,19,2,22,N,0,8,Y,0,0,0,0,0
1,Review,34,1,18,N,0,92,Y,0,0,1,0,1
7,Review,24,6,58,Y,2,11,Y,0,0,1,0,1
9,Review,110,7,85,Y,6,12,Y,0,1,0,0,0
5,Review,6,0,13,N,0,23,Y,0,0,0,0,0
4,Review,340,19,270,Y,1,22,Y,0,1,0,0,0
6,Review,21,0,15,Y,2,11,Y,0,0,0,0,0
16,Review,95,6,109,Y,9,19,Y,0,0,0,0,0
2,Review,57,4,69,N,0,12,Y,0,0,0,0,0
1,Review,2,1,40,N,0,15,Y,0,0,0,0,0
6,Review,9,2,79,Y,1,10,Y,0,1,0,0,0
2,Review,61,6,128,Y,1,10,Y,0,0,0,0,0
5,Review,11,2,57,N,0,21,Y,0,0,0,0,0
14,Review,26,3,49,Y,4,11,Y,0,1,0,0,0
5,Review,18,8,104,N,0,9,Y,0,0,0,0,0
22,Review,334,37,1055,Y,23,12,Y,0,1,0,0,0
3,Review,32,2,28,N,0,22,Y,0,0,0,0,0
5,Review,24,2,47,Y,2,20,Y,0,0,0,0,0
3,Review,30,5,127,N,0,9,Y,0,0,0,0,0
10,Review,208,17,303,Y,17,14,Y,0,1,0,0,0
4,Review,13,0,18,N,0,12,Y,0,0,0,0,0
9,Review,23,9,166,N,0,7,Y,0,1,0,0,0
3,Review,3,0,25,N,0,19,Y,0,0,0,0,0
7,Review,211,37,530,Y,4,9,Y,0,0,0,0,0
27,Review,84,0,76,Y,1,8,Y,,,,,
6,Review,54,6,92,N,0,14,Y,0,0,0,0,0
10,Review,182,2,146,N,0,10,Y,0,0,0,0,0
3,Review,68,2,61,N,0,16,Y,0,0,0,0,0
1,Review,42,4,67,Y,2,14,Y,0,0,0,0,0
4,Review,79,5,171,Y,2,10,Y,0,1,0,0,0
3,Review,36,5,79,Y,1,11,Y,0,0,0,0,0
4,Review,6,1,23,N,0,10,Y,0,0,0,0,0
3,Review,41,2,76,Y,12,11,Y,0,0,0,0,0
4,Review,111,3,97,Y,4,16,Y,0,0,0,0,0
3,Review,43,3,67,N,0,11,Y,0,1,0,0,0
3,Review,27,4,142,N,0,17,Y,0,0,0,0,0
28,Review,519,11,297,Y,5,20,Y,0,0,0,0,0
2,Review,78,6,164,Y,8,9,Y,0,1,0,0,0
4,Review,71,12,103,Y,1,17,Y,0,0,0,0,0
5,Review,27,0,14,Y,1,20,Y,0,0,0,0,0
4,Review,19,1,27,N,0,11,Y,0,0,0,0,0
11,Review,16,0,10,N,0,23,Y,0,0,0,0,0
5,Review,43,5,62,N,0,30,Y,0,1,0,0,0
23,Review,22,2,30,N,0,9,Y,0,0,0,0,0
2,Review,139,6,85,Y,13,12,Y,0,0,0,0,0
4,Review,62,10,85,N,0,13,Y,0,0,0,0,0
4,Review,47,1,49,Y,3,18,Y,0,0,0,0,0
2,Review,37,2,21,N,0,17,Y,0,1,0,0,0
6,Review,15,3,39,N,0,10,Y,0,0,0,0,0
4,Review,60,1,38,Y,23,11,Y,0,0,0,0,0
7,Review,11,3,41,N,0,14,Y,0,0,0,0,0
17,Review,131,4,23,Y,25,12,Y,0,0,0,0,0
2,Review,79,0,29,Y,1,9,Y,0,0,0,0,0
3,Review,102,3,60,Y,6,11,Y,0,0,0,0,0
12,Review,26,0,9,Y,6,16,Y,1,1,0,0,1
7,Review,28,1,15,N,0,16,Y,0,0,0,0,0
22,Review,607,25,334,Y,10,17,Y,0,0,0,0,0
5,Review,95,3,82,Y,5,15,Y,0,0,0,0,0
5,Review,11,1,23,Y,1,12,Y,0,0,0,0,0
5,Review,21,0,10,N,0,28,Y,0,1,0,0,0
2,Review,3,1,9,N,0,30,Y,0,0,0,0,0
5,Review,27,1,22,N,0,14,Y,0,0,0,0,0
36,Review,73,6,96,Y,5,52,Y,0,0,0,0,0
4,Review,14,1,20,Y,1,23,Y,0,0,0,0,0
14,Review,163,4,97,Y,37,14,Y,0,0,0,0,0
7,Review,4,2,13,N,0,15,Y,0,0,0,0,0
2,Review,15,5,29,N,0,16,Y,0,0,0,0,0
22,Review,164,18,113,Y,24,18,Y,0,0,0,0,0
2,Review,18,0,11,N,0,29,Y,0,0,0,0,0
4,Review,10,0,13,N,0,19,Y,0,0,0,0,0
8,Review,28,5,71,Y,1,14,Y,0,0,0,0,0
2,Review,21,3,25,Y,1,8,Y,0,0,0,0,0
19,Review,34,2,26,Y,4,8,Y,0,0,0,0,0
3,Review,6,0,24,N,0,17,Y,0,0,0,0,0
7,Review,12,0,31,N,0,10,Y,0,0,0,0,0
8,Review,82,1,20,Y,4,11,Y,0,0,0,0,0
9,Review,16,1,43,N,0,19,Y,0,0,0,0,0
2,Review,3,4,26,N,0,12,Y,0,0,0,0,0
3,Review,25,1,23,N,0,18,Y,0,0,0,0,0
2,Review,90,5,72,Y,1,21,Y,0,1,0,0,0
3,Review,31,0,11,N,0,33,Y,0,0,0,0,0
9,Review,13,0,17,Y,3,23,Y,0,0,0,0,0
1,Review,34,3,49,N,0,19,Y,0,1,0,0,0
2,Review,7,1,15,Y,1,12,Y,0,0,0,0,0
2,Review,38,4,65,N,0,11,Y,0,0,0,0,0
4,Review,81,0,12,N,0,9,Y,0,0,0,0,0
4,Review,63,6,61,Y,1,22,Y,0,0,0,0,0
2,Review,8,5,125,N,0,7,Y,0,1,0,0,0
3,Review,10,5,16,N,0,11,Y,0,0,0,0,0
1,Review,6,1,22,N,0,14,Y,0,0,0,0,0
4,Review,59,8,83,N,0,15,Y,0,0,0,0,0
5,Review,24,4,27,Y,2,7,Y,0,0,0,0,0
2,Review,34,1,31,N,0,16,Y,0,1,0,0,0
5,Review,14,1,13,N,0,4,Y,0,0,0,0,0
2,Review,78,1,10,N,0,12,Y,0,0,0,0,0
5,Review,36,2,39,Y,11,19,Y,0,0,0,0,0
3,Review,18,1,24,Y,2,20,Y,0,0,0,0,0
1,Review,207,4,249,Y,3,31,Y,0,0,0,0,0
2,Review,15,0,18,N,0,5,Y,0,0,0,0,0
5,Review,29,0,30,N,0,14,Y,0,0,0,0,0
4,Review,4,2,29,Y,1,9,Y,0,1,0,0,0
2,Review,9,3,22,Y,2,11,Y,0,0,0,0,0
5,Review,58,6,121,Y,2,25,Y,0,0,0,0,0
5,Review,7,0,7,N,0,21,Y,0,0,0,0,0
4,Review,70,8,72,Y,1,15,Y,0,0,0,0,0
11,Review,79,7,57,N,0,25,Y,0,0,0,0,0
1,Review,81,0,24,N,0,10,Y,0,0,0,0,0
1,Review,24,0,17,Y,1,7,Y,0,0,0,0,0
5,Review,97,2,54,Y,32,11,Y,0,0,0,0,0
11,Review,67,3,65,Y,4,9,Y,0,0,0,0,0
21,Review,120,4,91,Y,5,17,Y,0,0,0,0,0
4,Review,25,1,19,N,0,18,Y,0,1,0,0,0
4,Review,80,6,79,Y,7,16,Y,0,0,0,1,1
2,Review,30,1,43,N,0,39,Y,0,0,0,0,0
5,Review,78,6,89,Y,9,16,Y,0,0,0,0,0
5,Review,17,0,20,N,0,25,Y,0,0,0,0,0
3,Review,9,0,8,N,0,6,Y,0,0,0,0,0
17,Review,31,0,2,N,0,16,Y,0,0,0,0,0
6,Review,105,3,64,Y,5,21,Y,0,0,0,0,0
2,Review,30,2,18,N,0,16,Y,0,0,0,0,0
3,Review,28,7,85,N,0,27,Y,0,1,0,0,0
1,Review,6,0,13,N,0,17,Y,0,0,0,0,0
4,Review,15,1,43,Y,2,17,Y,0,0,0,0,0
1,Review,16,2,15,Y,13,29,Y,0,0,0,0,0
3,Review,72,2,39,Y,18,8,Y,0,0,0,0,0
6,Review,119,18,311,Y,4,11,Y,0,0,0,0,0
7,Review,11,1,39,N,0,9,Y,0,0,0,0,0
5,Review,212,30,473,Y,2,24,Y,0,0,0,0,0
20,Review,156,7,351,Y,17,22,Y,0,0,0,0,0
6,Review,121,10,272,Y,50,10,Y,0,0,0,0,0
6,Review,49,4,99,Y,9,17,Y,0,1,0,0,0
21,Review,179,3,24,Y,14,23,Y,0,1,0,0,0
21,Review,703,76,1499,Y,49,21,Y,0,0,0,0,0
4,Review,58,6,69,Y,1,14,Y,0,0,0,0,0
18,Review,18,1,19,Y,1,9,Y,0,0,0,0,0
6,Review,45,11,97,Y,2,15,Y,0,0,0,0,0
15,Review,328,39,500,Y,3,17,Y,0,0,0,0,0
17,Review,39,2,77,N,0,18,Y,0,0,0,0,0
7,Review,34,7,74,Y,1,16,Y,0,0,0,0,0
34,Review,96,8,94,Y,8,16,Y,0,0,0,0,0
8,Review,157,9,276,Y,5,11,Y,0,0,0,0,0
5,Review,88,1,108,Y,3,10,Y,0,0,0,0,0
20,Review,334,13,265,Y,16,18,Y,0,0,0,0,0
6,Review,37,7,76,Y,2,19,Y,0,0,0,0,0
13,Review,39,4,59,N,0,14,Y,0,0,0,0,0
4,Review,207,5,240,Y,14,9,Y,0,0,0,0,0
14,Review,23,2,21,N,0,8,Y,0,0,0,0,0
12,Review,216,11,251,Y,5,12,Y,0,0,0,0,0
14,Review,232,21,253,Y,2,17,Y,0,0,0,0,0
6,Review,72,1,72,Y,8,12,Y,0,0,0,0,0
7,Review,25,2,67,Y,9,11,Y,0,0,0,0,0
5,Review,55,0,18,N,0,17,Y,0,0,0,0,0
2,Review,21,0,8,N,0,27,Y,0,0,0,0,0
4,Review,21,1,44,Y,1,16,Y,0,0,0,0,0
8,Review,10,0,18,N,0,6,Y,0,0,0,0,0
44,Review,255,4,184,Y,2,46,Y,0,0,0,0,0
19,Review,16,1,32,Y,2,7,Y,0,0,0,0,0
5,Review,24,2,29,Y,2,23,Y,0,1,0,0,0
4,Review,28,1,36,N,0,15,Y,0,0,0,0,0
21,Review,41,1,32,N,0,10,Y,0,0,0,0,0
5,Review,27,1,16,N,0,14,Y,0,0,0,0,0
6,Review,35,2,11,N,0,23,Y,0,0,0,0,0
5,Review,2,0,6,N,0,20,Y,0,0,0,0,0
6,Review,41,9,105,N,0,12,Y,0,0,0,0,0
10,Review,189,4,133,Y,4,15,Y,0,0,0,0,0
5,Review,24,0,42,N,0,12,Y,0,1,0,0,0
4,Review,5,0,1,N,0,6,Y,0,0,0,0,0
2,Review,25,4,46,N,0,14,Y,0,0,0,0,0
19,Review,76,10,169,Y,15,24,Y,0,0,0,0,0
10,Review,20,2,20,N,0,21,Y,0,0,0,0,0
4,Review,31,3,87,Y,2,7,Y,0,0,0,0,0
2,Review,46,3,136,Y,4,13,Y,0,0,0,0,0
8,Review,57,6,128,Y,2,12,Y,0,0,0,0,0
3,Review,37,0,25,N,0,28,Y,0,0,0,0,0
4,Review,21,0,23,N,0,16,Y,0,0,0,0,0
4,Review,72,9,88,Y,3,12,Y,0,0,0,0,0
5,Review,14,1,85,N,0,19,Y,0,0,0,0,0
3,Review,28,2,31,Y,2,16,Y,0,0,0,0,0
10,Review,134,0,171,Y,12,14,Y,0,0,0,0,0
2,Review,36,0,8,N,0,13,Y,0,0,0,0,0
4,Review,191,21,202,Y,8,17,Y,0,0,0,0,0
7,Review,96,5,55,Y,4,11,Y,0,0,0,0,0
8,Review,49,10,95,Y,2,17,Y,0,0,0,0,0
6,Review,61,7,72,Y,4,9,Y,0,0,0,0,0
3,Review,33,2,32,N,0,16,Y,0,0,0,0,0
11,Review,112,2,118,Y,12,18,Y,0,0,0,0,0
2,Review,2,7,139,Y,10,11,Y,0,0,0,0,0
7,Review,32,4,126,Y,2,10,Y,0,0,0,0,0
3,Review,58,2,75,Y,7,10,Y,0,0,0,0,0
4,Review,8,0,34,N,0,12,Y,0,0,0,0,0
4,Review,102,5,102,Y,4,18,Y,0,0,0,0,0
9,Review,494,65,719,Y,59,14,Y,0,0,0,0,0
3,Review,36,0,45,N,0,36,Y,0,1,0,0,0
8,Review,39,3,59,Y,1,20,Y,0,0,0,0,0
17,Review,97,18,227,Y,3,22,Y,0,0,0,0,0
5,Review,76,4,77,Y,6,20,Y,0,0,0,0,0
3,Review,31,1,155,Y,2,15,Y,0,0,0,0,0
3,Review,41,3,44,N,0,14,Y,0,0,0,0,0
10,Review,76,3,77,Y,3,13,Y,0,0,0,0,0
4,Review,113,6,97,Y,7,21,Y,0,0,0,0,0
7,Review,62,19,138,Y,1,10,Y,0,1,0,0,0
39,Review,190,24,305,Y,5,29,Y,0,0,0,0,0
13,Review,236,7,151,Y,4,11,Y,0,0,0,0,0
27,Review,252,18,273,Y,11,15,Y,0,1,0,0,0
6,Review,113,6,206,Y,3,16,Y,0,0,0,0,0
27,Review,142,4,142,Y,55,16,Y,0,0,0,0,0
3,Review,3,0,1,N,0,12,Y,0,0,0,0,0
6,Review,326,14,316,Y,11,21,Y,0,0,0,0,0
28,Review,274,59,632,Y,21,20,Y,0,0,0,0,0
3,Review,151,11,229,Y,5,21,Y,0,1,0,0,0
12,Review,72,7,112,Y,6,14,Y,0,0,0,0,0
3,Review,52,0,76,N,0,21,Y,0,0,0,0,0
3,Review,40,2,84,N,0,3,Y,0,1,0,0,0
3,Review,139,13,150,N,0,17,Y,0,0,0,0,0
2,Review,11,1,41,N,0,15,Y,0,0,0,0,0
2,Review,70,5,99,N,0,9,Y,0,0,0,0,0
3,Review,48,13,149,N,0,11,Y,0,0,0,0,0
8,Review,27,0,54,Y,1,12,Y,0,0,0,0,0
1,Review,9,0,12,N,0,30,Y,0,0,0,0,0
3,Review,41,0,39,N,0,8,Y,0,0,0,0,0
4,Review,30,1,51,N,0,7,Y,0,0,0,0,0
3,Review,17,1,11,N,0,24,Y,0,0,0,0,0
7,Review,18,1,91,N,0,13,Y,0,0,0,0,0
9,Review,134,5,93,Y,24,13,Y,0,0,0,0,0
14,Review,65,3,74,N,0,14,Y,0,1,0,0,0
34,Review,63,3,40,Y,3,11,Y,0,0,0,0,0
4,Review,83,5,96,N,0,13,Y,0,0,0,0,0
8,Review,29,10,100,N,0,17,Y,0,0,0,0,0
5,Review,86,0,33,Y,5,17,Y,0,1,0,0,0
6,Review,90,9,99,Y,2,13,Y,0,0,0,0,0
3,Review,42,1,139,Y,1,11,Y,0,0,0,0,0
7,Review,24,2,61,Y,1,11,Y,0,1,0,0,0
5,Review,86,6,153,Y,5,8,Y,0,1,0,0,0
24,Review,197,9,337,Y,10,18,Y,0,0,0,0,0
4,Review,694,30,679,Y,16,10,Y,0,0,0,0,0
16,Review,76,10,246,Y,18,31,Y,0,0,0,0,0
3,Review,11,2,24,N,0,8,Y,0,1,0,0,0
6,Review,36,4,37,Y,2,10,Y,0,0,0,0,0
5,Review,17,0,40,N,0,6,Y,0,1,0,0,0
2,Review,15,2,78,N,0,18,Y,0,1,0,0,0
1,Review,95,0,18,N,0,49,Y,0,0,0,0,0
10,Review,131,5,133,Y,1,11,Y,0,0,0,0,0
7,Review,36,5,136,Y,2,28,Y,0,0,0,0,0
3,Review,83,2,103,Y,1,13,Y,0,0,0,0,0
6,Review,28,0,85,N,0,12,Y,0,1,0,0,0
13,Review,133,8,126,Y,6,13,Y,0,0,0,0,0
35,Review,114,2,67,N,0,29,Y,0,0,0,0,0
11,Review,196,7,12,Y,2,16,Y,0,0,0,0,0
3,Review,26,3,50,N,0,15,Y,0,0,0,0,0
23,Review,102,1,51,Y,7,20,Y,0,0,0,0,0
9,Review,41,3,23,Y,2,15,Y,0,0,0,0,0
4,Review,81,2,71,Y,15,23,Y,0,0,0,0,0
1,Review,48,2,41,Y,5,23,Y,0,0,1,0,1
2,Review,5,2,22,N,0,36,Y,0,0,0,0,0
8,Review,43,4,80,Y,1,6,Y,0,1,0,0,0
10,Review,59,1,43,N,0,12,Y,0,0,0,0,0
12,Review,20,12,114,Y,6,21,Y,0,0,0,0,0
4,Review,30,1,22,Y,3,14,Y,0,0,0,0,0
3,Review,3,0,2,N,0,20,Y,0,0,0,0,0
3,Review,0,0,1,N,0,3,Y,0,0,0,0,0
4,Review,176,4,69,Y,1,18,Y,0,0,0,0,0
3,Review,74,4,90,Y,9,18,Y,0,0,0,0,0
2,Review,40,3,51,Y,3,29,Y,0,1,0,0,0
7,Review,9,0,14,N,0,6,Y,0,0,0,0,0
6,Review,235,34,227,N,0,25,Y,0,0,0,0,0
3,Review,32,5,43,Y,3,14,Y,0,1,0,0,0
2,Review,33,2,63,Y,2,19,Y,0,0,0,0,0
9,Review,13,3,41,Y,6,14,Y,0,0,0,0,0
3,Review,9,0,2,N,0,25,Y,0,0,0,1,1
2,Review,5,0,11,N,0,10,Y,1,1,0,0,1
7,Review,17,6,62,Y,2,22,Y,0,0,0,0,0
3,Review,12,1,43,Y,1,12,Y,0,0,0,0,0
5,Review,63,3,46,Y,2,27,Y,0,0,0,0,0
2,Review,24,0,25,Y,4,14,Y,0,0,0,0,0
3,Review,14,1,24,Y,1,13,Y,0,0,0,0,0
2,Review,109,5,123,Y,1,31,Y,0,0,0,0,0
2,Review,50,0,54,Y,9,17,Y,0,0,0,0,0
1,Review,5,1,10,N,0,29,Y,0,0,0,0,0
1,Review,6,1,6,N,0,26,Y,0,0,0,0,0
1,Review,24,0,12,N,0,13,Y,0,0,0,0,0
2,Review,38,0,11,N,0,42,Y,0,0,0,0,0
8,Review,47,5,155,N,0,12,Y,0,0,0,0,0
4,Review,100,3,103,Y,2,10,Y,0,0,0,0,0
10,Review,54,2,113,N,0,9,Y,0,0,0,0,0
38,Review,75,7,196,Y,6,11,Y,1,0,1,0,1
3,Review,118,3,142,Y,13,11,Y,0,0,0,0,0
7,Review,130,5,148,Y,20,18,Y,0,0,0,0,0
33,Review,79,1,27,Y,2,22,Y,0,0,0,0,0
17,Review,477,29,702,Y,27,24,Y,0,0,0,0,0
37,Review,207,5,197,Y,26,17,Y,0,1,0,0,0
9,Review,94,3,150,Y,7,12,Y,0,0,0,0,0
8,Review,16,0,23,Y,1,46,Y,0,0,0,0,0
4,Review,61,9,100,Y,3,22,Y,0,0,0,0,0
3,Review,16,0,16,N,0,13,Y,0,0,0,0,0
23,Review,67,11,158,Y,9,11,Y,0,1,0,0,0
4,Review,99,6,81,Y,3,22,Y,0,0,0,0,0
1,Review,29,1,12,N,0,11,Y,0,0,0,0,0
11,Review,18,2,27,Y,1,22,Y,0,0,0,0,0
14,Review,89,6,60,Y,1,20,Y,0,1,0,0,0
16,Review,207,2,92,Y,12,39,Y,0,0,0,0,0
4,Review,46,9,87,N,0,39,Y,0,0,0,0,0
3,Review,8,0,21,N,0,23,Y,0,0,0,0,0
8,Review,81,0,64,N,0,18,Y,0,0,0,0,0
29,Review,98,2,27,Y,1,20,Y,0,0,0,0,0
8,Review,56,2,112,N,0,15,Y,0,0,0,0,0
3,Review,230,12,96,N,0,10,Y,0,0,0,0,0
3,Review,383,51,621,Y,14,16,N,0,0,0,0,0
5,Review,30,1,48,N,0,13,N,0,0,0,0,0
2,Review,157,2,95,Y,6,19,N,0,0,0,0,0
2,Review,8,4,47,N,0,17,N,0,0,0,0,0
2,Review,106,1,85,Y,4,14,N,0,0,0,0,0
9,Review,112,2,63,Y,6,26,N,0,0,0,0,0
2,Review,21,0,17,N,0,27,N,0,0,0,0,0
4,Review,4,1,15,N,0,12,N,0,0,0,0,0
3,Review,27,1,21,Y,6,9,N,0,0,0,0,0
7,Review,60,7,54,Y,7,14,N,0,0,0,0,0
3,Review,16,1,16,N,0,12,N,0,1,0,0,0
1,Review,24,4,51,Y,1,25,N,0,0,0,0,0
2,Review,70,0,108,Y,14,25,N,0,0,0,0,0
4,Review,173,7,212,Y,15,18,N,1,0,0,0,1
2,Review,79,16,148,N,0,15,N,0,0,0,0,0
3,Review,3,4,18,N,0,11,N,0,0,0,0,0
2,Review,23,3,30,Y,7,8,N,0,0,0,0,0
4,Review,18,0,24,N,0,8,N,0,0,0,0,0
20,Review,163,1,38,Y,9,34,N,0,0,0,0,0
2,Review,101,4,277,Y,1,10,N,0,0,0,0,0
4,Review,193,9,179,Y,10,12,N,0,0,0,0,0
1,Review,9,0,6,Y,1,10,N,0,0,0,0,0
6,Review,259,12,141,Y,9,19,N,0,0,0,0,0
3,Review,28,1,22,Y,4,5,N,0,0,0,0,0
5,Review,40,1,41,Y,2,16,N,0,0,0,0,0
2,Review,22,2,43,N,0,12,N,0,0,0,0,0
5,Review,29,5,106,N,0,12,N,0,0,0,0,0
2,Review,24,0,19,Y,1,18,N,0,0,0,0,0
2,Review,5,0,11,N,0,7,N,0,0,0,0,0
2,Review,718,101,1155,Y,3,12,N,0,0,0,0,0
6,Review,41,4,84,Y,1,41,N,0,0,0,0,0
5,Review,64,1,80,Y,7,22,N,1,1,0,0,1
1,Review,23,5,72,N,0,12,N,0,0,0,0,0
8,Review,89,4,65,Y,1,14,N,0,0,0,0,0
4,Review,59,1,50,Y,14,21,N,0,0,0,0,0
6,Review,96,9,160,Y,2,13,N,0,0,0,0,0
2,Review,155,9,113,Y,1,26,N,0,0,0,0,0
7,Review,27,1,28,N,0,14,N,0,0,0,0,0
2,Review,858,39,857,Y,12,17,N,0,0,0,0,0
3,Review,20,2,14,Y,7,11,N,0,0,0,0,0
3,Review,32,1,14,N,0,13,N,0,0,0,0,0
2,Review,110,12,176,N,0,23,N,0,0,0,0,0
3,Review,335,40,267,Y,24,13,N,0,0,0,0,0
1,Review,92,2,62,Y,8,24,N,0,0,0,0,0
1,Review,83,5,109,N,0,26,N,0,0,0,0,0
12,Review,36,4,96,Y,1,20,N,0,0,0,0,0
3,Review,70,5,97,Y,3,15,N,0,0,0,0,0
4,Review,9,4,22,N,0,21,N,0,1,0,0,0
1,Review,26,3,55,N,0,13,N,0,0,0,0,0
9,Review,197,4,310,Y,11,13,N,0,0,0,0,0
4,Review,25,2,65,Y,1,19,N,0,0,0,0,0
5,Review,95,36,352,N,0,16,N,0,0,0,0,0
1,Review,27,0,34,Y,1,11,N,0,0,0,0,0
13,Review,336,14,203,Y,27,13,N,0,0,0,0,0
1,Review,154,8,147,N,0,19,N,0,0,0,0,0
3,Review,18,0,47,N,0,19,N,0,0,0,0,0
8,Review,332,15,234,Y,4,18,N,0,0,0,0,0
6,Review,51,1,45,N,0,19,N,0,1,0,0,0
3,Review,27,1,11,N,0,12,N,0,0,0,0,0
4,Review,23,1,28,Y,3,21,N,0,1,0,0,0
2,Review,12,2,65,N,0,13,N,0,0,0,0,0
5,Review,21,0,34,Y,2,11,Y,0,0,0,0,0
20,Review,152,3,152,Y,8,10,Y,0,0,0,0,0
2,Review,61,4,164,Y,5,21,Y,0,1,0,0,0
20,Review,37,4,59,Y,3,35,Y,0,0,0,0,0
2,Review,44,3,45,Y,4,11,Y,0,0,0,0,0
4,Review,26,3,93,Y,2,11,Y,0,0,0,0,0
4,Review,37,11,84,Y,4,27,Y,0,0,0,0,0
9,Review,258,8,124,Y,42,10,Y,0,0,0,0,0
4,Review,139,4,120,Y,14,13,Y,0,0,0,0,0
18,Review,51,8,133,Y,7,11,Y,0,0,0,0,0
8,Review,192,9,156,Y,24,19,Y,0,0,0,0,0
15,Review,76,4,90,Y,12,9,Y,0,0,0,0,0
8,Review,317,16,411,Y,5,16,Y,0,0,0,0,0
4,Review,85,3,67,Y,6,11,Y,0,0,0,0,0
12,Review,435,37,616,Y,16,17,Y,0,0,0,0,0
7,Review,116,5,102,Y,13,12,Y,0,0,0,0,0
11,Review,205,2,92,Y,14,12,Y,0,0,0,0,0
9,Review,58,7,56,N,0,13,Y,0,0,0,0,0
3,Review,55,4,160,Y,8,26,Y,0,0,0,0,0
7,Review,89,2,85,N,0,31,Y,0,0,0,0,0
6,Review,57,7,132,Y,3,25,Y,0,0,0,0,0
3,Review,55,5,58,N,0,14,Y,0,0,0,0,0
6,Review,68,3,100,Y,11,13,Y,0,1,0,0,0
2,Review,136,2,75,N,0,23,Y,0,0,0,0,0
4,Review,38,1,70,Y,5,10,Y,0,0,0,0,0
3,Review,15,1,14,N,0,10,Y,1,0,0,0,1
8,Review,80,4,68,Y,4,11,Y,0,0,0,0,0
3,Review,72,1,103,Y,2,15,Y,0,0,0,0,0
6,Review,81,5,74,Y,15,7,Y,0,0,0,0,0
6,Review,107,4,106,Y,15,31,Y,0,0,0,0,0
8,Review,233,14,190,Y,5,13,Y,0,1,0,0,0
3,Review,35,3,27,Y,3,13,Y,0,0,0,0,0
114,Review,122,7,51,Y,3,30,Y,0,0,0,0,0
13,Review,31,0,19,N,0,7,Y,0,0,0,0,0
18,Review,424,53,599,Y,75,23,Y,0,0,0,0,0
16,Review,65,3,105,Y,6,12,Y,0,1,0,0,0
